-- dovo · seed demo (idempotente). Generado por scripts/gen-seed-sql.ts
-- ════════ DELETE (idempotente, por is_demo + email demo+%) ════════
delete from core.tratos where is_demo;
delete from core.user_character where user_id in (select id from core.users where email like 'demo+%@dovofit.com');
delete from core.user_streak where user_id in (select id from core.users where email like 'demo+%@dovofit.com');
delete from core.user_perfil_fisico where user_id in (select id from core.users where email like 'demo+%@dovofit.com');
delete from core.users where email like 'demo+%@dovofit.com';
delete from auth.identities where user_id in (select id from auth.users where email like 'demo+%@dovofit.com');
delete from auth.users where email like 'demo+%@dovofit.com';
-- ════════ INSERTS ════════
insert into auth.users (instance_id,id,aud,role,email,created_at,updated_at) values ('00000000-0000-0000-0000-000000000000','10000000-0000-4000-8000-000000000002','authenticated','authenticated','demo+marco@dovofit.com',now(),now());
insert into core.users (id,email,nombre,access_channel) values ('10000000-0000-4000-8000-000000000002','demo+marco@dovofit.com','Marco','curated');
insert into core.user_perfil_fisico (user_id,peso_kg,altura_cm,edad,genero,nivel_actividad,objetivo,bmr_calculado) values ('10000000-0000-4000-8000-000000000002',82,178,34,'masculino','activo','ganar_musculo',1767.5);
insert into core.user_character (user_id,fue,res,flex,vel,equ,vit,nivel,xp,prestige,class_name) values ('10000000-0000-4000-8000-000000000002',17650,0,0,7060,0,7060,26,31770,0,'The Titan');
insert into core.user_streak (user_id,current_streak_weeks,max_streak,last_cumplido_week) values ('10000000-0000-4000-8000-000000000002',10,10,'2026-06-08');
insert into auth.users (instance_id,id,aud,role,email,created_at,updated_at) values ('00000000-0000-0000-0000-000000000000','10000000-0000-4000-8000-000000000004','authenticated','authenticated','demo+diego@dovofit.com',now(),now());
insert into core.users (id,email,nombre,access_channel) values ('10000000-0000-4000-8000-000000000004','demo+diego@dovofit.com','Diego','curated');
insert into core.user_perfil_fisico (user_id,peso_kg,altura_cm,edad,genero,nivel_actividad,objetivo,bmr_calculado) values ('10000000-0000-4000-8000-000000000004',76,175,29,'masculino','activo','ganar_musculo',1713.75);
insert into core.user_character (user_id,fue,res,flex,vel,equ,vit,nivel,xp,prestige,class_name) values ('10000000-0000-4000-8000-000000000004',17350,0,0,6940,0,6940,25,31230,0,'The Titan');
insert into core.user_streak (user_id,current_streak_weeks,max_streak,last_cumplido_week) values ('10000000-0000-4000-8000-000000000004',10,10,'2026-06-08');
insert into core.tratos (id,nombre_grupo,tipo_grupo,estado,created_by,is_demo) values ('10000000-0000-4000-8000-000000000001','Los Inquebrantables','pareja','activo','10000000-0000-4000-8000-000000000002',true);
insert into core.trato_streak (trato_id,current_streak_weeks,max_streak,last_cumplido_week,last_evaluated_week) values ('10000000-0000-4000-8000-000000000001',10,10,'2026-06-08','2026-06-08');
insert into core.trato_miembros (id,trato_id,user_id,role) values ('10000000-0000-4000-8000-000000000003','10000000-0000-4000-8000-000000000001','10000000-0000-4000-8000-000000000002','creator');
insert into core.user_rutinas (miembro_id,nombre,is_default,actividades) values ('10000000-0000-4000-8000-000000000003','rutina',true,jsonb_build_array(jsonb_build_object('actividad_id',(select id from core.actividades where slug='gym'),'frecuencia_semanal',5,'duracion_min',60)));
insert into core.trato_miembros (id,trato_id,user_id,role) values ('10000000-0000-4000-8000-000000000005','10000000-0000-4000-8000-000000000001','10000000-0000-4000-8000-000000000004','member');
insert into core.user_rutinas (miembro_id,nombre,is_default,actividades) values ('10000000-0000-4000-8000-000000000005','rutina',true,jsonb_build_array(jsonb_build_object('actividad_id',(select id from core.actividades where slug='gym'),'frecuencia_semanal',5,'duracion_min',60)));
insert into core.checkins (miembro_id,actividad_id,fecha,metricas,kcal_calculadas,puntos,puntos_base) values ('10000000-0000-4000-8000-000000000003',(select id from core.actividades where slug='gym'),'2026-06-09',jsonb_build_object('sesiones',5),2214,1804,1804);
insert into core.checkins (miembro_id,actividad_id,fecha,metricas,kcal_calculadas,puntos,puntos_base) values ('10000000-0000-4000-8000-000000000005',(select id from core.actividades where slug='gym'),'2026-06-09',jsonb_build_object('sesiones',5),1908.69,1603,1603);
insert into auth.users (instance_id,id,aud,role,email,created_at,updated_at) values ('00000000-0000-0000-0000-000000000000','10000000-0000-4000-8000-000000000007','authenticated','authenticated','demo+paty@dovofit.com',now(),now());
insert into core.users (id,email,nombre,access_channel) values ('10000000-0000-4000-8000-000000000007','demo+paty@dovofit.com','Paty','curated');
insert into core.user_perfil_fisico (user_id,peso_kg,altura_cm,edad,genero,nivel_actividad,objetivo,bmr_calculado) values ('10000000-0000-4000-8000-000000000007',58,165,31,'femenino','activo','mejorar_resistencia',1295.25);
insert into core.user_character (user_id,fue,res,flex,vel,equ,vit,nivel,xp,prestige,class_name) values ('10000000-0000-4000-8000-000000000007',0,20170,0,8068,0,0,24,28238,0,'The Marathoner');
insert into core.user_streak (user_id,current_streak_weeks,max_streak,last_cumplido_week) values ('10000000-0000-4000-8000-000000000007',9,9,'2026-06-08');
insert into auth.users (instance_id,id,aud,role,email,created_at,updated_at) values ('00000000-0000-0000-0000-000000000000','10000000-0000-4000-8000-000000000009','authenticated','authenticated','demo+lucia@dovofit.com',now(),now());
insert into core.users (id,email,nombre,access_channel) values ('10000000-0000-4000-8000-000000000009','demo+lucia@dovofit.com','Lucía','curated');
insert into core.user_perfil_fisico (user_id,peso_kg,altura_cm,edad,genero,nivel_actividad,objetivo,bmr_calculado) values ('10000000-0000-4000-8000-000000000009',54,160,27,'femenino','activo','mejorar_resistencia',1244);
insert into core.user_character (user_id,fue,res,flex,vel,equ,vit,nivel,xp,prestige,class_name) values ('10000000-0000-4000-8000-000000000009',0,19990,0,7996,0,0,24,27986,0,'The Marathoner');
insert into core.user_streak (user_id,current_streak_weeks,max_streak,last_cumplido_week) values ('10000000-0000-4000-8000-000000000009',9,9,'2026-06-08');
insert into core.tratos (id,nombre_grupo,tipo_grupo,estado,created_by,is_demo) values ('10000000-0000-4000-8000-000000000006','Ritmo y Asfalto','pareja','activo','10000000-0000-4000-8000-000000000007',true);
insert into core.trato_streak (trato_id,current_streak_weeks,max_streak,last_cumplido_week,last_evaluated_week) values ('10000000-0000-4000-8000-000000000006',9,9,'2026-06-08','2026-06-08');
insert into core.trato_miembros (id,trato_id,user_id,role) values ('10000000-0000-4000-8000-000000000008','10000000-0000-4000-8000-000000000006','10000000-0000-4000-8000-000000000007','creator');
insert into core.user_rutinas (miembro_id,nombre,is_default,actividades) values ('10000000-0000-4000-8000-000000000008','rutina',true,jsonb_build_array(jsonb_build_object('actividad_id',(select id from core.actividades where slug='running'),'frecuencia_semanal',5,'duracion_min',40)));
insert into core.trato_miembros (id,trato_id,user_id,role) values ('10000000-0000-4000-8000-00000000000a','10000000-0000-4000-8000-000000000006','10000000-0000-4000-8000-000000000009','member');
insert into core.user_rutinas (miembro_id,nombre,is_default,actividades) values ('10000000-0000-4000-8000-00000000000a','rutina',true,jsonb_build_array(jsonb_build_object('actividad_id',(select id from core.actividades where slug='running'),'frecuencia_semanal',5,'duracion_min',40)));
insert into core.checkins (miembro_id,actividad_id,fecha,metricas,kcal_calculadas,puntos,puntos_base) values ('10000000-0000-4000-8000-000000000008',(select id from core.actividades where slug='running'),'2026-06-09',jsonb_build_object('sesiones',5),1698.57,1888,1888);
insert into core.checkins (miembro_id,actividad_id,fecha,metricas,kcal_calculadas,puntos,puntos_base) values ('10000000-0000-4000-8000-00000000000a',(select id from core.actividades where slug='running'),'2026-06-09',jsonb_build_object('sesiones',5),1666.29,1929,1929);
insert into auth.users (instance_id,id,aud,role,email,created_at,updated_at) values ('00000000-0000-0000-0000-000000000000','10000000-0000-4000-8000-00000000000c','authenticated','authenticated','demo+renata@dovofit.com',now(),now());
insert into core.users (id,email,nombre,access_channel) values ('10000000-0000-4000-8000-00000000000c','demo+renata@dovofit.com','Renata','curated');
insert into core.user_perfil_fisico (user_id,peso_kg,altura_cm,edad,genero,nivel_actividad,objetivo,bmr_calculado) values ('10000000-0000-4000-8000-00000000000c',52,168,24,'femenino','activo','mantener',1289);
insert into core.user_character (user_id,fue,res,flex,vel,equ,vit,nivel,xp,prestige,class_name) values ('10000000-0000-4000-8000-00000000000c',0,10346.4,25866,0,25866,0,36,62078.4,0,'The Dancer');
insert into core.user_streak (user_id,current_streak_weeks,max_streak,last_cumplido_week) values ('10000000-0000-4000-8000-00000000000c',8,8,'2026-06-08');
insert into auth.users (instance_id,id,aud,role,email,created_at,updated_at) values ('00000000-0000-0000-0000-000000000000','10000000-0000-4000-8000-00000000000e','authenticated','authenticated','demo+sofia@dovofit.com',now(),now());
insert into core.users (id,email,nombre,access_channel) values ('10000000-0000-4000-8000-00000000000e','demo+sofia@dovofit.com','Sofía','curated');
insert into core.user_perfil_fisico (user_id,peso_kg,altura_cm,edad,genero,nivel_actividad,objetivo,bmr_calculado) values ('10000000-0000-4000-8000-00000000000e',55,170,26,'femenino','activo','mantener',1321.5);
insert into core.user_character (user_id,fue,res,flex,vel,equ,vit,nivel,xp,prestige,class_name) values ('10000000-0000-4000-8000-00000000000e',0,8647.2,21618,0,21618,0,33,51883.2,0,'The Dancer');
insert into core.user_streak (user_id,current_streak_weeks,max_streak,last_cumplido_week) values ('10000000-0000-4000-8000-00000000000e',8,8,'2026-06-08');
insert into core.tratos (id,nombre_grupo,tipo_grupo,estado,created_by,is_demo) values ('10000000-0000-4000-8000-00000000000b','En Punta','pareja','activo','10000000-0000-4000-8000-00000000000c',true);
insert into core.trato_streak (trato_id,current_streak_weeks,max_streak,last_cumplido_week,last_evaluated_week) values ('10000000-0000-4000-8000-00000000000b',8,8,'2026-06-08','2026-06-08');
insert into core.trato_miembros (id,trato_id,user_id,role) values ('10000000-0000-4000-8000-00000000000d','10000000-0000-4000-8000-00000000000b','10000000-0000-4000-8000-00000000000c','creator');
insert into core.user_rutinas (miembro_id,nombre,is_default,actividades) values ('10000000-0000-4000-8000-00000000000d','rutina',true,jsonb_build_array(jsonb_build_object('actividad_id',(select id from core.actividades where slug='ballet'),'frecuencia_semanal',5,'duracion_min',75)));
insert into core.trato_miembros (id,trato_id,user_id,role) values ('10000000-0000-4000-8000-00000000000f','10000000-0000-4000-8000-00000000000b','10000000-0000-4000-8000-00000000000e','member');
insert into core.user_rutinas (miembro_id,nombre,is_default,actividades) values ('10000000-0000-4000-8000-00000000000f','rutina',true,jsonb_build_array(jsonb_build_object('actividad_id',(select id from core.actividades where slug='ballet'),'frecuencia_semanal',5,'duracion_min',75)));
insert into core.checkins (miembro_id,actividad_id,fecha,metricas,kcal_calculadas,puntos,puntos_base) values ('10000000-0000-4000-8000-00000000000d',(select id from core.actividades where slug='ballet'),'2026-06-09',jsonb_build_object('sesiones',5),2087.88,2332,2332);
insert into core.checkins (miembro_id,actividad_id,fecha,metricas,kcal_calculadas,puntos,puntos_base) values ('10000000-0000-4000-8000-00000000000f',(select id from core.actividades where slug='ballet'),'2026-06-09',jsonb_build_object('sesiones',5),2141.94,2334,2334);
insert into auth.users (instance_id,id,aud,role,email,created_at,updated_at) values ('00000000-0000-0000-0000-000000000000','10000000-0000-4000-8000-000000000011','authenticated','authenticated','demo+andrea@dovofit.com',now(),now());
insert into core.users (id,email,nombre,access_channel) values ('10000000-0000-4000-8000-000000000011','demo+andrea@dovofit.com','Andrea','curated');
insert into core.user_perfil_fisico (user_id,peso_kg,altura_cm,edad,genero,nivel_actividad,objetivo,bmr_calculado) values ('10000000-0000-4000-8000-000000000011',62,164,33,'femenino','activo','perder_grasa',1319);
insert into core.user_character (user_id,fue,res,flex,vel,equ,vit,nivel,xp,prestige,class_name) values ('10000000-0000-4000-8000-000000000011',8662.4,0,6216,2470.4,6216,2470.4,23,26035.2,0,'The Dancer');
insert into core.user_streak (user_id,current_streak_weeks,max_streak,last_cumplido_week) values ('10000000-0000-4000-8000-000000000011',7,7,'2026-06-08');
insert into auth.users (instance_id,id,aud,role,email,created_at,updated_at) values ('00000000-0000-0000-0000-000000000000','10000000-0000-4000-8000-000000000013','authenticated','authenticated','demo+caro@dovofit.com',now(),now());
insert into core.users (id,email,nombre,access_channel) values ('10000000-0000-4000-8000-000000000013','demo+caro@dovofit.com','Caro','curated');
insert into core.user_perfil_fisico (user_id,peso_kg,altura_cm,edad,genero,nivel_actividad,objetivo,bmr_calculado) values ('10000000-0000-4000-8000-000000000013',59,162,30,'femenino','activo','perder_grasa',1291.5);
insert into core.user_character (user_id,fue,res,flex,vel,equ,vit,nivel,xp,prestige,class_name) values ('10000000-0000-4000-8000-000000000013',7918.4,0,5256,2326.4,5256,2326.4,22,23083.2,0,'The Dancer');
insert into core.user_streak (user_id,current_streak_weeks,max_streak,last_cumplido_week) values ('10000000-0000-4000-8000-000000000013',7,7,'2026-06-08');
insert into core.tratos (id,nombre_grupo,tipo_grupo,estado,created_by,is_demo) values ('10000000-0000-4000-8000-000000000010','Núcleo Duro','pareja','activo','10000000-0000-4000-8000-000000000011',true);
insert into core.trato_streak (trato_id,current_streak_weeks,max_streak,last_cumplido_week,last_evaluated_week) values ('10000000-0000-4000-8000-000000000010',7,7,'2026-06-08','2026-06-08');
insert into core.trato_miembros (id,trato_id,user_id,role) values ('10000000-0000-4000-8000-000000000012','10000000-0000-4000-8000-000000000010','10000000-0000-4000-8000-000000000011','creator');
insert into core.user_rutinas (miembro_id,nombre,is_default,actividades) values ('10000000-0000-4000-8000-000000000012','rutina',true,jsonb_build_array(jsonb_build_object('actividad_id',(select id from core.actividades where slug='pilates'),'frecuencia_semanal',3,'duracion_min',50),jsonb_build_object('actividad_id',(select id from core.actividades where slug='gym'),'frecuencia_semanal',2,'duracion_min',60)));
insert into core.trato_miembros (id,trato_id,user_id,role) values ('10000000-0000-4000-8000-000000000014','10000000-0000-4000-8000-000000000010','10000000-0000-4000-8000-000000000013','member');
insert into core.user_rutinas (miembro_id,nombre,is_default,actividades) values ('10000000-0000-4000-8000-000000000014','rutina',true,jsonb_build_array(jsonb_build_object('actividad_id',(select id from core.actividades where slug='pilates'),'frecuencia_semanal',3,'duracion_min',50),jsonb_build_object('actividad_id',(select id from core.actividades where slug='gym'),'frecuencia_semanal',2,'duracion_min',60)));
insert into core.checkins (miembro_id,actividad_id,fecha,metricas,kcal_calculadas,puntos,puntos_base) values ('10000000-0000-4000-8000-000000000012',(select id from core.actividades where slug='pilates'),'2026-06-09',jsonb_build_object('sesiones',3),624.96,683,683);
insert into core.checkins (miembro_id,actividad_id,fecha,metricas,kcal_calculadas,puntos,puntos_base) values ('10000000-0000-4000-8000-000000000012',(select id from core.actividades where slug='gym'),'2026-06-09',jsonb_build_object('sesiones',2),669.6,731,731);
insert into core.checkins (miembro_id,actividad_id,fecha,metricas,kcal_calculadas,puntos,puntos_base) values ('10000000-0000-4000-8000-000000000014',(select id from core.actividades where slug='pilates'),'2026-06-09',jsonb_build_object('sesiones',3),749.13,835,835);
insert into core.checkins (miembro_id,actividad_id,fecha,metricas,kcal_calculadas,puntos,puntos_base) values ('10000000-0000-4000-8000-000000000014',(select id from core.actividades where slug='gym'),'2026-06-09',jsonb_build_object('sesiones',2),637.2,710,710);
insert into auth.users (instance_id,id,aud,role,email,encrypted_password,email_confirmed_at,created_at,updated_at,raw_app_meta_data,raw_user_meta_data,is_super_admin,confirmation_token,recovery_token,email_change_token_new,email_change) values ('00000000-0000-0000-0000-000000000000','10000000-0000-4000-8000-000000000016','authenticated','authenticated','demo+ivan@dovofit.com',extensions.crypt('dovodemo2026',extensions.gen_salt('bf')),now(),now(),now(),'{"provider":"email","providers":["email"]}'::jsonb,'{"nombre":"Iván"}'::jsonb,false,'','','','');
insert into auth.identities (provider_id,user_id,identity_data,provider,last_sign_in_at,created_at,updated_at,id) values ('10000000-0000-4000-8000-000000000016','10000000-0000-4000-8000-000000000016','{"sub":"10000000-0000-4000-8000-000000000016","email":"demo+ivan@dovofit.com"}'::jsonb,'email',now(),now(),now(),gen_random_uuid());
insert into core.users (id,email,nombre,access_channel) values ('10000000-0000-4000-8000-000000000016','demo+ivan@dovofit.com','Iván','curated');
insert into core.user_perfil_fisico (user_id,peso_kg,altura_cm,edad,genero,nivel_actividad,objetivo,bmr_calculado) values ('10000000-0000-4000-8000-000000000016',80,176,30,'masculino','activo','ganar_musculo',1755);
insert into core.user_character (user_id,fue,res,flex,vel,equ,vit,nivel,xp,prestige,class_name) values ('10000000-0000-4000-8000-000000000016',8100,5994,4545,4910.4,4545,2512.8,25,30607.2,0,'The Athlete');
insert into core.user_streak (user_id,current_streak_weeks,max_streak,last_cumplido_week) values ('10000000-0000-4000-8000-000000000016',6,6,'2026-06-08');
insert into auth.users (instance_id,id,aud,role,email,created_at,updated_at) values ('00000000-0000-0000-0000-000000000000','10000000-0000-4000-8000-000000000018','authenticated','authenticated','demo+tono@dovofit.com',now(),now());
insert into core.users (id,email,nombre,access_channel) values ('10000000-0000-4000-8000-000000000018','demo+tono@dovofit.com','Tono','curated');
insert into core.user_perfil_fisico (user_id,peso_kg,altura_cm,edad,genero,nivel_actividad,objetivo,bmr_calculado) values ('10000000-0000-4000-8000-000000000018',84,180,32,'masculino','activo','ganar_musculo',1810);
insert into core.user_character (user_id,fue,res,flex,vel,equ,vit,nivel,xp,prestige,class_name) values ('10000000-0000-4000-8000-000000000018',7893,7992,4410,5648.4,4410,2451.6,26,32805,0,'The Athlete');
insert into core.user_streak (user_id,current_streak_weeks,max_streak,last_cumplido_week) values ('10000000-0000-4000-8000-000000000018',6,6,'2026-06-08');
insert into core.tratos (id,nombre_grupo,tipo_grupo,estado,created_by,is_demo) values ('10000000-0000-4000-8000-000000000015','Híbridos','pareja','activo','10000000-0000-4000-8000-000000000016',true);
insert into core.trato_streak (trato_id,current_streak_weeks,max_streak,last_cumplido_week,last_evaluated_week) values ('10000000-0000-4000-8000-000000000015',6,6,'2026-06-08','2026-06-08');
insert into core.trato_miembros (id,trato_id,user_id,role) values ('10000000-0000-4000-8000-000000000017','10000000-0000-4000-8000-000000000015','10000000-0000-4000-8000-000000000016','creator');
insert into core.user_rutinas (miembro_id,nombre,is_default,actividades) values ('10000000-0000-4000-8000-000000000017','rutina',true,jsonb_build_array(jsonb_build_object('actividad_id',(select id from core.actividades where slug='gym'),'frecuencia_semanal',2,'duracion_min',60),jsonb_build_object('actividad_id',(select id from core.actividades where slug='running'),'frecuencia_semanal',2,'duracion_min',40),jsonb_build_object('actividad_id',(select id from core.actividades where slug='pilates'),'frecuencia_semanal',2,'duracion_min',50)));
insert into core.trato_miembros (id,trato_id,user_id,role) values ('10000000-0000-4000-8000-000000000019','10000000-0000-4000-8000-000000000015','10000000-0000-4000-8000-000000000018','member');
insert into core.user_rutinas (miembro_id,nombre,is_default,actividades) values ('10000000-0000-4000-8000-000000000019','rutina',true,jsonb_build_array(jsonb_build_object('actividad_id',(select id from core.actividades where slug='gym'),'frecuencia_semanal',2,'duracion_min',60),jsonb_build_object('actividad_id',(select id from core.actividades where slug='running'),'frecuencia_semanal',2,'duracion_min',40),jsonb_build_object('actividad_id',(select id from core.actividades where slug='pilates'),'frecuencia_semanal',2,'duracion_min',50)));
insert into core.checkins (miembro_id,actividad_id,fecha,metricas,kcal_calculadas,puntos,puntos_base) values ('10000000-0000-4000-8000-000000000017',(select id from core.actividades where slug='gym'),'2026-06-09',jsonb_build_object('sesiones',2),877.71,720,720);
insert into core.checkins (miembro_id,actividad_id,fecha,metricas,kcal_calculadas,puntos,puntos_base) values ('10000000-0000-4000-8000-000000000017',(select id from core.actividades where slug='running'),'2026-06-09',jsonb_build_object('sesiones',2),845.72,694,694);
insert into core.checkins (miembro_id,actividad_id,fecha,metricas,kcal_calculadas,puntos,puntos_base) values ('10000000-0000-4000-8000-000000000017',(select id from core.actividades where slug='pilates'),'2026-06-09',jsonb_build_object('sesiones',2),674.74,554,554);
insert into core.checkins (miembro_id,actividad_id,fecha,metricas,kcal_calculadas,puntos,puntos_base) values ('10000000-0000-4000-8000-000000000019',(select id from core.actividades where slug='gym'),'2026-06-09',jsonb_build_object('sesiones',2),907.2,722,722);
insert into core.checkins (miembro_id,actividad_id,fecha,metricas,kcal_calculadas,puntos,puntos_base) values ('10000000-0000-4000-8000-000000000019',(select id from core.actividades where slug='running'),'2026-06-09',jsonb_build_object('sesiones',2),1248,993,993);
insert into core.checkins (miembro_id,actividad_id,fecha,metricas,kcal_calculadas,puntos,puntos_base) values ('10000000-0000-4000-8000-000000000019',(select id from core.actividades where slug='pilates'),'2026-06-09',jsonb_build_object('sesiones',2),594.24,472,472);
insert into auth.users (instance_id,id,aud,role,email,created_at,updated_at) values ('00000000-0000-0000-0000-000000000000','10000000-0000-4000-8000-00000000001b','authenticated','authenticated','demo+beto@dovofit.com',now(),now());
insert into core.users (id,email,nombre,access_channel) values ('10000000-0000-4000-8000-00000000001b','demo+beto@dovofit.com','Beto','curated');
insert into core.user_perfil_fisico (user_id,peso_kg,altura_cm,edad,genero,nivel_actividad,objetivo,bmr_calculado) values ('10000000-0000-4000-8000-00000000001b',74,174,28,'masculino','activo','mantener',1692.5);
insert into core.user_character (user_id,fue,res,flex,vel,equ,vit,nivel,xp,prestige,class_name) values ('10000000-0000-4000-8000-00000000001b',6742.8,5292,5472,3938.4,5472,2448,25,29365.2,0,'The Pentathlete');
insert into core.user_streak (user_id,current_streak_weeks,max_streak,last_cumplido_week) values ('10000000-0000-4000-8000-00000000001b',5,5,'2026-06-08');
insert into auth.users (instance_id,id,aud,role,email,created_at,updated_at) values ('00000000-0000-0000-0000-000000000000','10000000-0000-4000-8000-00000000001d','authenticated','authenticated','demo+nadia@dovofit.com',now(),now());
insert into core.users (id,email,nombre,access_channel) values ('10000000-0000-4000-8000-00000000001d','demo+nadia@dovofit.com','Nadia','curated');
insert into core.user_perfil_fisico (user_id,peso_kg,altura_cm,edad,genero,nivel_actividad,objetivo,bmr_calculado) values ('10000000-0000-4000-8000-00000000001d',60,166,29,'femenino','activo','mantener',1331.5);
insert into core.user_character (user_id,fue,res,flex,vel,equ,vit,nivel,xp,prestige,class_name) values ('10000000-0000-4000-8000-00000000001d',6786,4806,6705,3564,6705,2361.6,25,30927.6,0,'The Pentathlete');
insert into core.user_streak (user_id,current_streak_weeks,max_streak,last_cumplido_week) values ('10000000-0000-4000-8000-00000000001d',5,5,'2026-06-08');
insert into core.tratos (id,nombre_grupo,tipo_grupo,estado,created_by,is_demo) values ('10000000-0000-4000-8000-00000000001a','Cinco Disciplinas','pareja','activo','10000000-0000-4000-8000-00000000001b',true);
insert into core.trato_streak (trato_id,current_streak_weeks,max_streak,last_cumplido_week,last_evaluated_week) values ('10000000-0000-4000-8000-00000000001a',5,5,'2026-06-08','2026-06-08');
insert into core.trato_miembros (id,trato_id,user_id,role) values ('10000000-0000-4000-8000-00000000001c','10000000-0000-4000-8000-00000000001a','10000000-0000-4000-8000-00000000001b','creator');
insert into core.user_rutinas (miembro_id,nombre,is_default,actividades) values ('10000000-0000-4000-8000-00000000001c','rutina',true,jsonb_build_array(jsonb_build_object('actividad_id',(select id from core.actividades where slug='gym'),'frecuencia_semanal',2,'duracion_min',60),jsonb_build_object('actividad_id',(select id from core.actividades where slug='running'),'frecuencia_semanal',1,'duracion_min',40),jsonb_build_object('actividad_id',(select id from core.actividades where slug='pilates'),'frecuencia_semanal',1,'duracion_min',50),jsonb_build_object('actividad_id',(select id from core.actividades where slug='ballet'),'frecuencia_semanal',1,'duracion_min',75)));
insert into core.trato_miembros (id,trato_id,user_id,role) values ('10000000-0000-4000-8000-00000000001e','10000000-0000-4000-8000-00000000001a','10000000-0000-4000-8000-00000000001d','member');
insert into core.user_rutinas (miembro_id,nombre,is_default,actividades) values ('10000000-0000-4000-8000-00000000001e','rutina',true,jsonb_build_array(jsonb_build_object('actividad_id',(select id from core.actividades where slug='gym'),'frecuencia_semanal',2,'duracion_min',60),jsonb_build_object('actividad_id',(select id from core.actividades where slug='running'),'frecuencia_semanal',1,'duracion_min',40),jsonb_build_object('actividad_id',(select id from core.actividades where slug='pilates'),'frecuencia_semanal',1,'duracion_min',50),jsonb_build_object('actividad_id',(select id from core.actividades where slug='ballet'),'frecuencia_semanal',1,'duracion_min',75)));
insert into core.checkins (miembro_id,actividad_id,fecha,metricas,kcal_calculadas,puntos,puntos_base) values ('10000000-0000-4000-8000-00000000001c',(select id from core.actividades where slug='gym'),'2026-06-09',jsonb_build_object('sesiones',2),729.43,620,620);
insert into core.checkins (miembro_id,actividad_id,fecha,metricas,kcal_calculadas,puntos,puntos_base) values ('10000000-0000-4000-8000-00000000001c',(select id from core.actividades where slug='running'),'2026-06-09',jsonb_build_object('sesiones',1),475.71,405,405);
insert into core.checkins (miembro_id,actividad_id,fecha,metricas,kcal_calculadas,puntos,puntos_base) values ('10000000-0000-4000-8000-00000000001c',(select id from core.actividades where slug='pilates'),'2026-06-09',jsonb_build_object('sesiones',1),284.16,242,242);
insert into core.checkins (miembro_id,actividad_id,fecha,metricas,kcal_calculadas,puntos,puntos_base) values ('10000000-0000-4000-8000-00000000001c',(select id from core.actividades where slug='ballet'),'2026-06-09',jsonb_build_object('sesiones',1),606.06,516,516);
insert into core.checkins (miembro_id,actividad_id,fecha,metricas,kcal_calculadas,puntos,puntos_base) values ('10000000-0000-4000-8000-00000000001e',(select id from core.actividades where slug='gym'),'2026-06-09',jsonb_build_object('sesiones',2),678.86,735,735);
insert into core.checkins (miembro_id,actividad_id,fecha,metricas,kcal_calculadas,puntos,puntos_base) values ('10000000-0000-4000-8000-00000000001e',(select id from core.actividades where slug='running'),'2026-06-09',jsonb_build_object('sesiones',1),360,389,389);
insert into core.checkins (miembro_id,actividad_id,fecha,metricas,kcal_calculadas,puntos,puntos_base) values ('10000000-0000-4000-8000-00000000001e',(select id from core.actividades where slug='pilates'),'2026-06-09',jsonb_build_object('sesiones',1),246.86,267,267);
insert into core.checkins (miembro_id,actividad_id,fecha,metricas,kcal_calculadas,puntos,puntos_base) values ('10000000-0000-4000-8000-00000000001e',(select id from core.actividades where slug='ballet'),'2026-06-09',jsonb_build_object('sesiones',1),616.2,666,666);
insert into auth.users (instance_id,id,aud,role,email,created_at,updated_at) values ('00000000-0000-0000-0000-000000000000','10000000-0000-4000-8000-000000000020','authenticated','authenticated','demo+hugo@dovofit.com',now(),now());
insert into core.users (id,email,nombre,access_channel) values ('10000000-0000-4000-8000-000000000020','demo+hugo@dovofit.com','Hugo','curated');
insert into core.user_perfil_fisico (user_id,peso_kg,altura_cm,edad,genero,nivel_actividad,objetivo,bmr_calculado) values ('10000000-0000-4000-8000-000000000020',79,177,36,'masculino','activo','mejorar_resistencia',1721.25);
insert into core.user_character (user_id,fue,res,flex,vel,equ,vit,nivel,xp,prestige,class_name) values ('10000000-0000-4000-8000-000000000020',0,9072,0,3628.8,0,0,16,12700.8,0,'The Marathoner');
insert into core.user_streak (user_id,current_streak_weeks,max_streak,last_cumplido_week) values ('10000000-0000-4000-8000-000000000020',3,3,'2026-06-08');
insert into auth.users (instance_id,id,aud,role,email,created_at,updated_at) values ('00000000-0000-0000-0000-000000000000','10000000-0000-4000-8000-000000000022','authenticated','authenticated','demo+memo@dovofit.com',now(),now());
insert into core.users (id,email,nombre,access_channel) values ('10000000-0000-4000-8000-000000000022','demo+memo@dovofit.com','Memo','curated');
insert into core.user_perfil_fisico (user_id,peso_kg,altura_cm,edad,genero,nivel_actividad,objetivo,bmr_calculado) values ('10000000-0000-4000-8000-000000000022',85,179,40,'masculino','activo','mejorar_resistencia',1773.75);
insert into core.user_character (user_id,fue,res,flex,vel,equ,vit,nivel,xp,prestige,class_name) values ('10000000-0000-4000-8000-000000000022',0,10880,0,4352,0,0,18,15232,0,'The Marathoner');
insert into core.user_streak (user_id,current_streak_weeks,max_streak,last_cumplido_week) values ('10000000-0000-4000-8000-000000000022',3,3,'2026-06-08');
insert into core.tratos (id,nombre_grupo,tipo_grupo,estado,created_by,is_demo) values ('10000000-0000-4000-8000-00000000001f','Los del Cerro','pareja','activo','10000000-0000-4000-8000-000000000020',true);
insert into core.trato_streak (trato_id,current_streak_weeks,max_streak,last_cumplido_week,last_evaluated_week) values ('10000000-0000-4000-8000-00000000001f',3,3,'2026-06-08','2026-06-08');
insert into core.trato_miembros (id,trato_id,user_id,role) values ('10000000-0000-4000-8000-000000000021','10000000-0000-4000-8000-00000000001f','10000000-0000-4000-8000-000000000020','creator');
insert into core.user_rutinas (miembro_id,nombre,is_default,actividades) values ('10000000-0000-4000-8000-000000000021','rutina',true,jsonb_build_array(jsonb_build_object('actividad_id',(select id from core.actividades where slug='running'),'frecuencia_semanal',4,'duracion_min',40)));
insert into core.trato_miembros (id,trato_id,user_id,role) values ('10000000-0000-4000-8000-000000000023','10000000-0000-4000-8000-00000000001f','10000000-0000-4000-8000-000000000022','member');
insert into core.user_rutinas (miembro_id,nombre,is_default,actividades) values ('10000000-0000-4000-8000-000000000023','rutina',true,jsonb_build_array(jsonb_build_object('actividad_id',(select id from core.actividades where slug='running'),'frecuencia_semanal',4,'duracion_min',40)));
insert into core.checkins (miembro_id,actividad_id,fecha,metricas,kcal_calculadas,puntos,puntos_base) values ('10000000-0000-4000-8000-000000000021',(select id from core.actividades where slug='running'),'2026-06-09',jsonb_build_object('sesiones',3),1354.29,1133,1133);
insert into core.checkins (miembro_id,actividad_id,fecha,metricas,kcal_calculadas,puntos,puntos_base) values ('10000000-0000-4000-8000-000000000023',(select id from core.actividades where slug='running'),'2026-06-09',jsonb_build_object('sesiones',3),1517.86,1232,1232);
insert into auth.users (instance_id,id,aud,role,email,created_at,updated_at) values ('00000000-0000-0000-0000-000000000000','10000000-0000-4000-8000-000000000025','authenticated','authenticated','demo+saul@dovofit.com',now(),now());
insert into core.users (id,email,nombre,access_channel) values ('10000000-0000-4000-8000-000000000025','demo+saul@dovofit.com','Saúl','curated');
insert into core.user_perfil_fisico (user_id,peso_kg,altura_cm,edad,genero,nivel_actividad,objetivo,bmr_calculado) values ('10000000-0000-4000-8000-000000000025',88,182,27,'masculino','activo','ganar_musculo',1887.5);
insert into core.user_character (user_id,fue,res,flex,vel,equ,vit,nivel,xp,prestige,class_name) values ('10000000-0000-4000-8000-000000000025',8200,0,0,3280,0,3280,18,14760,0,'The Titan');
insert into core.user_streak (user_id,current_streak_weeks,max_streak,last_cumplido_week) values ('10000000-0000-4000-8000-000000000025',3,3,'2026-06-08');
insert into auth.users (instance_id,id,aud,role,email,created_at,updated_at) values ('00000000-0000-0000-0000-000000000000','10000000-0000-4000-8000-000000000027','authenticated','authenticated','demo+pedro@dovofit.com',now(),now());
insert into core.users (id,email,nombre,access_channel) values ('10000000-0000-4000-8000-000000000027','demo+pedro@dovofit.com','Pedro','curated');
insert into core.user_perfil_fisico (user_id,peso_kg,altura_cm,edad,genero,nivel_actividad,objetivo,bmr_calculado) values ('10000000-0000-4000-8000-000000000027',83,178,31,'masculino','activo','ganar_musculo',1792.5);
insert into core.user_character (user_id,fue,res,flex,vel,equ,vit,nivel,xp,prestige,class_name) values ('10000000-0000-4000-8000-000000000027',8680,0,0,3472,0,3472,18,15624,0,'The Titan');
insert into core.user_streak (user_id,current_streak_weeks,max_streak,last_cumplido_week) values ('10000000-0000-4000-8000-000000000027',3,3,'2026-06-08');
insert into core.tratos (id,nombre_grupo,tipo_grupo,estado,created_by,is_demo) values ('10000000-0000-4000-8000-000000000024','Fierro Parejo','pareja','activo','10000000-0000-4000-8000-000000000025',true);
insert into core.trato_streak (trato_id,current_streak_weeks,max_streak,last_cumplido_week,last_evaluated_week) values ('10000000-0000-4000-8000-000000000024',3,3,'2026-06-08','2026-06-08');
insert into core.trato_miembros (id,trato_id,user_id,role) values ('10000000-0000-4000-8000-000000000026','10000000-0000-4000-8000-000000000024','10000000-0000-4000-8000-000000000025','creator');
insert into core.user_rutinas (miembro_id,nombre,is_default,actividades) values ('10000000-0000-4000-8000-000000000026','rutina',true,jsonb_build_array(jsonb_build_object('actividad_id',(select id from core.actividades where slug='gym'),'frecuencia_semanal',4,'duracion_min',60)));
insert into core.trato_miembros (id,trato_id,user_id,role) values ('10000000-0000-4000-8000-000000000028','10000000-0000-4000-8000-000000000024','10000000-0000-4000-8000-000000000027','member');
insert into core.user_rutinas (miembro_id,nombre,is_default,actividades) values ('10000000-0000-4000-8000-000000000028','rutina',true,jsonb_build_array(jsonb_build_object('actividad_id',(select id from core.actividades where slug='gym'),'frecuencia_semanal',4,'duracion_min',60)));
insert into core.checkins (miembro_id,actividad_id,fecha,metricas,kcal_calculadas,puntos,puntos_base) values ('10000000-0000-4000-8000-000000000026',(select id from core.actividades where slug='gym'),'2026-06-09',jsonb_build_object('sesiones',3),1402.98,1071,1071);
insert into core.checkins (miembro_id,actividad_id,fecha,metricas,kcal_calculadas,puntos,puntos_base) values ('10000000-0000-4000-8000-000000000028',(select id from core.actividades where slug='gym'),'2026-06-09',jsonb_build_object('sesiones',3),1266.33,1018,1018);
insert into auth.users (instance_id,id,aud,role,email,created_at,updated_at) values ('00000000-0000-0000-0000-000000000000','10000000-0000-4000-8000-00000000002a','authenticated','authenticated','demo+mariana@dovofit.com',now(),now());
insert into core.users (id,email,nombre,access_channel) values ('10000000-0000-4000-8000-00000000002a','demo+mariana@dovofit.com','Mariana','curated');
insert into core.user_perfil_fisico (user_id,peso_kg,altura_cm,edad,genero,nivel_actividad,objetivo,bmr_calculado) values ('10000000-0000-4000-8000-00000000002a',68,160,35,'femenino','moderado','perder_grasa',1344);
insert into core.user_character (user_id,fue,res,flex,vel,equ,vit,nivel,xp,prestige,class_name) values ('10000000-0000-4000-8000-00000000002a',1586.4,0,3966,0,3966,0,14,9518.4,0,'The Dancer');
insert into core.user_streak (user_id,current_streak_weeks,max_streak,last_cumplido_week) values ('10000000-0000-4000-8000-00000000002a',2,2,'2026-06-08');
insert into auth.users (instance_id,id,aud,role,email,created_at,updated_at) values ('00000000-0000-0000-0000-000000000000','10000000-0000-4000-8000-00000000002c','authenticated','authenticated','demo+lupe@dovofit.com',now(),now());
insert into core.users (id,email,nombre,access_channel) values ('10000000-0000-4000-8000-00000000002c','demo+lupe@dovofit.com','Lupe','curated');
insert into core.user_perfil_fisico (user_id,peso_kg,altura_cm,edad,genero,nivel_actividad,objetivo,bmr_calculado) values ('10000000-0000-4000-8000-00000000002c',71,158,38,'femenino','moderado','perder_grasa',1346.5);
insert into core.user_character (user_id,fue,res,flex,vel,equ,vit,nivel,xp,prestige,class_name) values ('10000000-0000-4000-8000-00000000002c',2349.6,0,5874,0,5874,0,17,14097.6,0,'The Dancer');
insert into core.user_streak (user_id,current_streak_weeks,max_streak,last_cumplido_week) values ('10000000-0000-4000-8000-00000000002c',2,2,'2026-06-08');
insert into core.tratos (id,nombre_grupo,tipo_grupo,estado,created_by,is_demo) values ('10000000-0000-4000-8000-000000000029','Empezando Fuerte','pareja','activo','10000000-0000-4000-8000-00000000002a',true);
insert into core.trato_streak (trato_id,current_streak_weeks,max_streak,last_cumplido_week,last_evaluated_week) values ('10000000-0000-4000-8000-000000000029',2,2,'2026-06-08','2026-06-08');
insert into core.trato_miembros (id,trato_id,user_id,role) values ('10000000-0000-4000-8000-00000000002b','10000000-0000-4000-8000-000000000029','10000000-0000-4000-8000-00000000002a','creator');
insert into core.user_rutinas (miembro_id,nombre,is_default,actividades) values ('10000000-0000-4000-8000-00000000002b','rutina',true,jsonb_build_array(jsonb_build_object('actividad_id',(select id from core.actividades where slug='pilates'),'frecuencia_semanal',4,'duracion_min',50)));
insert into core.trato_miembros (id,trato_id,user_id,role) values ('10000000-0000-4000-8000-00000000002d','10000000-0000-4000-8000-000000000029','10000000-0000-4000-8000-00000000002c','member');
insert into core.user_rutinas (miembro_id,nombre,is_default,actividades) values ('10000000-0000-4000-8000-00000000002d','rutina',true,jsonb_build_array(jsonb_build_object('actividad_id',(select id from core.actividades where slug='pilates'),'frecuencia_semanal',4,'duracion_min',50)));
insert into core.checkins (miembro_id,actividad_id,fecha,metricas,kcal_calculadas,puntos,puntos_base) values ('10000000-0000-4000-8000-00000000002b',(select id from core.actividades where slug='pilates'),'2026-06-09',jsonb_build_object('sesiones',3),652.79,700,700);
insert into core.checkins (miembro_id,actividad_id,fecha,metricas,kcal_calculadas,puntos,puntos_base) values ('10000000-0000-4000-8000-00000000002d',(select id from core.actividades where slug='pilates'),'2026-06-09',jsonb_build_object('sesiones',3),862.55,923,923);
insert into auth.users (instance_id,id,aud,role,email,created_at,updated_at) values ('00000000-0000-0000-0000-000000000000','10000000-0000-4000-8000-00000000002f','authenticated','authenticated','demo+karla@dovofit.com',now(),now());
insert into core.users (id,email,nombre,access_channel) values ('10000000-0000-4000-8000-00000000002f','demo+karla@dovofit.com','Karla','curated');
insert into core.user_perfil_fisico (user_id,peso_kg,altura_cm,edad,genero,nivel_actividad,objetivo,bmr_calculado) values ('10000000-0000-4000-8000-00000000002f',57,163,26,'femenino','activo','mantener',1297.75);
insert into core.user_character (user_id,fue,res,flex,vel,equ,vit,nivel,xp,prestige,class_name) values ('10000000-0000-4000-8000-00000000002f',4858,2723,0,3032.4,0,1943.2,16,12556.6,0,'The Athlete');
insert into core.user_streak (user_id,current_streak_weeks,max_streak,last_cumplido_week) values ('10000000-0000-4000-8000-00000000002f',2,2,'2026-06-08');
insert into auth.users (instance_id,id,aud,role,email,created_at,updated_at) values ('00000000-0000-0000-0000-000000000000','10000000-0000-4000-8000-000000000031','authenticated','authenticated','demo+bruno@dovofit.com',now(),now());
insert into core.users (id,email,nombre,access_channel) values ('10000000-0000-4000-8000-000000000031','demo+bruno@dovofit.com','Bruno','curated');
insert into core.user_perfil_fisico (user_id,peso_kg,altura_cm,edad,genero,nivel_actividad,objetivo,bmr_calculado) values ('10000000-0000-4000-8000-000000000031',81,176,33,'masculino','activo','ganar_musculo',1750);
insert into core.user_character (user_id,fue,res,flex,vel,equ,vit,nivel,xp,prestige,class_name) values ('10000000-0000-4000-8000-000000000031',5075,2863,0,3175.2,0,2030,17,13143.2,0,'The Athlete');
insert into core.user_streak (user_id,current_streak_weeks,max_streak,last_cumplido_week) values ('10000000-0000-4000-8000-000000000031',2,2,'2026-06-08');
insert into auth.users (instance_id,id,aud,role,email,created_at,updated_at) values ('00000000-0000-0000-0000-000000000000','10000000-0000-4000-8000-000000000033','authenticated','authenticated','demo+tavo@dovofit.com',now(),now());
insert into core.users (id,email,nombre,access_channel) values ('10000000-0000-4000-8000-000000000033','demo+tavo@dovofit.com','Tavo','curated');
insert into core.user_perfil_fisico (user_id,peso_kg,altura_cm,edad,genero,nivel_actividad,objetivo,bmr_calculado) values ('10000000-0000-4000-8000-000000000033',78,175,30,'masculino','activo','mantener',1728.75);
insert into core.user_character (user_id,fue,res,flex,vel,equ,vit,nivel,xp,prestige,class_name) values ('10000000-0000-4000-8000-000000000033',5110,3381,0,3396.4,0,2044,17,13931.4,0,'The Athlete');
insert into core.user_streak (user_id,current_streak_weeks,max_streak,last_cumplido_week) values ('10000000-0000-4000-8000-000000000033',2,2,'2026-06-08');
insert into core.tratos (id,nombre_grupo,tipo_grupo,estado,created_by,is_demo) values ('10000000-0000-4000-8000-00000000002e','Trío Norte','pequeno','activo','10000000-0000-4000-8000-00000000002f',true);
insert into core.trato_streak (trato_id,current_streak_weeks,max_streak,last_cumplido_week,last_evaluated_week) values ('10000000-0000-4000-8000-00000000002e',2,2,'2026-06-08','2026-06-08');
insert into core.trato_miembros (id,trato_id,user_id,role) values ('10000000-0000-4000-8000-000000000030','10000000-0000-4000-8000-00000000002e','10000000-0000-4000-8000-00000000002f','creator');
insert into core.user_rutinas (miembro_id,nombre,is_default,actividades) values ('10000000-0000-4000-8000-000000000030','rutina',true,jsonb_build_array(jsonb_build_object('actividad_id',(select id from core.actividades where slug='gym'),'frecuencia_semanal',3,'duracion_min',60),jsonb_build_object('actividad_id',(select id from core.actividades where slug='running'),'frecuencia_semanal',2,'duracion_min',40)));
insert into core.trato_miembros (id,trato_id,user_id,role) values ('10000000-0000-4000-8000-000000000032','10000000-0000-4000-8000-00000000002e','10000000-0000-4000-8000-000000000031','member');
insert into core.user_rutinas (miembro_id,nombre,is_default,actividades) values ('10000000-0000-4000-8000-000000000032','rutina',true,jsonb_build_array(jsonb_build_object('actividad_id',(select id from core.actividades where slug='gym'),'frecuencia_semanal',3,'duracion_min',60),jsonb_build_object('actividad_id',(select id from core.actividades where slug='running'),'frecuencia_semanal',2,'duracion_min',40)));
insert into core.trato_miembros (id,trato_id,user_id,role) values ('10000000-0000-4000-8000-000000000034','10000000-0000-4000-8000-00000000002e','10000000-0000-4000-8000-000000000033','member');
insert into core.user_rutinas (miembro_id,nombre,is_default,actividades) values ('10000000-0000-4000-8000-000000000034','rutina',true,jsonb_build_array(jsonb_build_object('actividad_id',(select id from core.actividades where slug='gym'),'frecuencia_semanal',3,'duracion_min',60),jsonb_build_object('actividad_id',(select id from core.actividades where slug='running'),'frecuencia_semanal',2,'duracion_min',40)));
insert into core.checkins (miembro_id,actividad_id,fecha,metricas,kcal_calculadas,puntos,puntos_base) values ('10000000-0000-4000-8000-000000000030',(select id from core.actividades where slug='gym'),'2026-06-09',jsonb_build_object('sesiones',2),610.71,677,677);
insert into core.checkins (miembro_id,actividad_id,fecha,metricas,kcal_calculadas,puntos,puntos_base) values ('10000000-0000-4000-8000-000000000030',(select id from core.actividades where slug='running'),'2026-06-09',jsonb_build_object('sesiones',1),366.43,407,407);
insert into core.checkins (miembro_id,actividad_id,fecha,metricas,kcal_calculadas,puntos,puntos_base) values ('10000000-0000-4000-8000-000000000032',(select id from core.actividades where slug='gym'),'2026-06-09',jsonb_build_object('sesiones',2),881.74,726,726);
insert into core.checkins (miembro_id,actividad_id,fecha,metricas,kcal_calculadas,puntos,puntos_base) values ('10000000-0000-4000-8000-000000000032',(select id from core.actividades where slug='running'),'2026-06-09',jsonb_build_object('sesiones',1),462.86,381,381);
insert into core.checkins (miembro_id,actividad_id,fecha,metricas,kcal_calculadas,puntos,puntos_base) values ('10000000-0000-4000-8000-000000000034',(select id from core.actividades where slug='gym'),'2026-06-09',jsonb_build_object('sesiones',2),782.23,651,651);
insert into core.checkins (miembro_id,actividad_id,fecha,metricas,kcal_calculadas,puntos,puntos_base) values ('10000000-0000-4000-8000-000000000034',(select id from core.actividades where slug='running'),'2026-06-09',jsonb_build_object('sesiones',1),590.57,492,492);
insert into auth.users (instance_id,id,aud,role,email,created_at,updated_at) values ('00000000-0000-0000-0000-000000000000','10000000-0000-4000-8000-000000000036','authenticated','authenticated','demo+rocio@dovofit.com',now(),now());
insert into core.users (id,email,nombre,access_channel) values ('10000000-0000-4000-8000-000000000036','demo+rocio@dovofit.com','Rocío','curated');
insert into core.user_perfil_fisico (user_id,peso_kg,altura_cm,edad,genero,nivel_actividad,objetivo,bmr_calculado) values ('10000000-0000-4000-8000-000000000036',61,167,28,'femenino','ligero','perder_grasa',1352.75);
insert into core.user_character (user_id,fue,res,flex,vel,equ,vit,nivel,xp,prestige,class_name) values ('10000000-0000-4000-8000-000000000036',0,3156,0,1262.4,0,0,10,4418.4,0,'The Marathoner');
insert into core.user_streak (user_id,current_streak_weeks,max_streak,last_cumplido_week) values ('10000000-0000-4000-8000-000000000036',1,1,'2026-06-08');
insert into auth.users (instance_id,id,aud,role,email,created_at,updated_at) values ('00000000-0000-0000-0000-000000000000','10000000-0000-4000-8000-000000000038','authenticated','authenticated','demo+vale@dovofit.com',now(),now());
insert into core.users (id,email,nombre,access_channel) values ('10000000-0000-4000-8000-000000000038','demo+vale@dovofit.com','Vale','curated');
insert into core.user_perfil_fisico (user_id,peso_kg,altura_cm,edad,genero,nivel_actividad,objetivo,bmr_calculado) values ('10000000-0000-4000-8000-000000000038',56,164,25,'femenino','ligero','perder_grasa',1299);
insert into core.user_character (user_id,fue,res,flex,vel,equ,vit,nivel,xp,prestige,class_name) values ('10000000-0000-4000-8000-000000000038',0,3512,0,1404.8,0,0,10,4916.8,0,'The Marathoner');
insert into core.user_streak (user_id,current_streak_weeks,max_streak,last_cumplido_week) values ('10000000-0000-4000-8000-000000000038',1,1,'2026-06-08');
insert into core.tratos (id,nombre_grupo,tipo_grupo,estado,created_by,is_demo) values ('10000000-0000-4000-8000-000000000035','Las Domingueras','pareja','activo','10000000-0000-4000-8000-000000000036',true);
insert into core.trato_streak (trato_id,current_streak_weeks,max_streak,last_cumplido_week,last_evaluated_week) values ('10000000-0000-4000-8000-000000000035',1,1,'2026-06-08','2026-06-08');
insert into core.trato_miembros (id,trato_id,user_id,role) values ('10000000-0000-4000-8000-000000000037','10000000-0000-4000-8000-000000000035','10000000-0000-4000-8000-000000000036','creator');
insert into core.user_rutinas (miembro_id,nombre,is_default,actividades) values ('10000000-0000-4000-8000-000000000037','rutina',true,jsonb_build_array(jsonb_build_object('actividad_id',(select id from core.actividades where slug='running'),'frecuencia_semanal',3,'duracion_min',40)));
insert into core.trato_miembros (id,trato_id,user_id,role) values ('10000000-0000-4000-8000-000000000039','10000000-0000-4000-8000-000000000035','10000000-0000-4000-8000-000000000038','member');
insert into core.user_rutinas (miembro_id,nombre,is_default,actividades) values ('10000000-0000-4000-8000-000000000039','rutina',true,jsonb_build_array(jsonb_build_object('actividad_id',(select id from core.actividades where slug='running'),'frecuencia_semanal',3,'duracion_min',40)));
insert into core.checkins (miembro_id,actividad_id,fecha,metricas,kcal_calculadas,puntos,puntos_base) values ('10000000-0000-4000-8000-000000000037',(select id from core.actividades where slug='running'),'2026-06-09',jsonb_build_object('sesiones',2),819.15,872,872);
insert into core.checkins (miembro_id,actividad_id,fecha,metricas,kcal_calculadas,puntos,puntos_base) values ('10000000-0000-4000-8000-000000000039',(select id from core.actividades where slug='running'),'2026-06-09',jsonb_build_object('sesiones',2),656,727,727);
insert into auth.users (instance_id,id,aud,role,email,created_at,updated_at) values ('00000000-0000-0000-0000-000000000000','10000000-0000-4000-8000-00000000003b','authenticated','authenticated','demo+dani@dovofit.com',now(),now());
insert into core.users (id,email,nombre,access_channel) values ('10000000-0000-4000-8000-00000000003b','demo+dani@dovofit.com','Dani','curated');
insert into core.user_perfil_fisico (user_id,peso_kg,altura_cm,edad,genero,nivel_actividad,objetivo,bmr_calculado) values ('10000000-0000-4000-8000-00000000003b',63,166,24,'femenino','ligero','mantener',1386.5);
insert into core.user_character (user_id,fue,res,flex,vel,equ,vit,nivel,xp,prestige,class_name) values ('10000000-0000-4000-8000-00000000003b',404.8,0,1012,0,1012,0,7,2428.8,0,'Rookie');
insert into core.user_streak (user_id,current_streak_weeks,max_streak,last_cumplido_week) values ('10000000-0000-4000-8000-00000000003b',0,0,null);
insert into auth.users (instance_id,id,aud,role,email,created_at,updated_at) values ('00000000-0000-0000-0000-000000000000','10000000-0000-4000-8000-00000000003d','authenticated','authenticated','demo+pau@dovofit.com',now(),now());
insert into core.users (id,email,nombre,access_channel) values ('10000000-0000-4000-8000-00000000003d','demo+pau@dovofit.com','Pau','curated');
insert into core.user_perfil_fisico (user_id,peso_kg,altura_cm,edad,genero,nivel_actividad,objetivo,bmr_calculado) values ('10000000-0000-4000-8000-00000000003d',59,162,23,'femenino','ligero','mantener',1326.5);
insert into core.user_character (user_id,fue,res,flex,vel,equ,vit,nivel,xp,prestige,class_name) values ('10000000-0000-4000-8000-00000000003d',406.4,0,1016,0,1016,0,7,2438.4,0,'Rookie');
insert into core.user_streak (user_id,current_streak_weeks,max_streak,last_cumplido_week) values ('10000000-0000-4000-8000-00000000003d',0,0,null);
insert into core.tratos (id,nombre_grupo,tipo_grupo,estado,created_by,is_demo) values ('10000000-0000-4000-8000-00000000003a','Recién Llegados','pareja','activo','10000000-0000-4000-8000-00000000003b',true);
insert into core.trato_streak (trato_id,current_streak_weeks,max_streak,last_cumplido_week,last_evaluated_week) values ('10000000-0000-4000-8000-00000000003a',0,0,null,'2026-06-08');
insert into core.trato_miembros (id,trato_id,user_id,role) values ('10000000-0000-4000-8000-00000000003c','10000000-0000-4000-8000-00000000003a','10000000-0000-4000-8000-00000000003b','creator');
insert into core.user_rutinas (miembro_id,nombre,is_default,actividades) values ('10000000-0000-4000-8000-00000000003c','rutina',true,jsonb_build_array(jsonb_build_object('actividad_id',(select id from core.actividades where slug='pilates'),'frecuencia_semanal',3,'duracion_min',50)));
insert into core.trato_miembros (id,trato_id,user_id,role) values ('10000000-0000-4000-8000-00000000003e','10000000-0000-4000-8000-00000000003a','10000000-0000-4000-8000-00000000003d','member');
insert into core.user_rutinas (miembro_id,nombre,is_default,actividades) values ('10000000-0000-4000-8000-00000000003e','rutina',true,jsonb_build_array(jsonb_build_object('actividad_id',(select id from core.actividades where slug='pilates'),'frecuencia_semanal',3,'duracion_min',50)));
insert into core.checkins (miembro_id,actividad_id,fecha,metricas,kcal_calculadas,puntos,puntos_base) values ('10000000-0000-4000-8000-00000000003c',(select id from core.actividades where slug='pilates'),'2026-06-09',jsonb_build_object('sesiones',2),398.88,414,414);
insert into core.checkins (miembro_id,actividad_id,fecha,metricas,kcal_calculadas,puntos,puntos_base) values ('10000000-0000-4000-8000-00000000003e',(select id from core.actividades where slug='pilates'),'2026-06-09',jsonb_build_object('sesiones',2),533.36,579,579);
-- ════════ RETOS ════════
insert into core.retos (trato_a,trato_b,periodo_inicio,periodo_fin,estado,creado_por) values ('10000000-0000-4000-8000-000000000015','10000000-0000-4000-8000-00000000001a','2026-06-08','2026-06-15','activo','10000000-0000-4000-8000-000000000016');
insert into core.retos (trato_a,trato_b,periodo_inicio,periodo_fin,estado,creado_por) values ('10000000-0000-4000-8000-000000000001','10000000-0000-4000-8000-000000000024','2026-06-08','2026-06-15','activo',(select user_id from core.trato_miembros where trato_id='10000000-0000-4000-8000-000000000001' and role='creator' limit 1));
insert into core.retos (trato_a,trato_b,periodo_inicio,periodo_fin,estado,creado_por,ganador_trato_id) values ('10000000-0000-4000-8000-000000000006','10000000-0000-4000-8000-00000000001f','2026-06-01','2026-06-08','cerrado',(select user_id from core.trato_miembros where trato_id='10000000-0000-4000-8000-000000000006' and role='creator' limit 1),'10000000-0000-4000-8000-000000000006');
-- ════════ BOOSTS ════════
insert into core.boosts (de_user,para_user,trato_id,tipo,fecha_otorgado,fecha_expira,aplicado) values ('10000000-0000-4000-8000-000000000018','10000000-0000-4000-8000-000000000016','10000000-0000-4000-8000-000000000015','energia',now() - interval '2 days',now() + interval '1 day',false);
insert into core.boosts (de_user,para_user,trato_id,tipo,fecha_otorgado,fecha_expira,aplicado) select '10000000-0000-4000-8000-00000000000e','10000000-0000-4000-8000-00000000000c',t.id,'escudo',now() - interval '1 day',now() + interval '6 days',false from core.tratos t where t.created_by='10000000-0000-4000-8000-00000000000c' and t.is_demo limit 1;
-- ════════ WISHLIST ════════
insert into core.wishlist (user_id,titulo) values ('10000000-0000-4000-8000-000000000016','Tenis de trail nuevos');
insert into core.wishlist (user_id,titulo) values ('10000000-0000-4000-8000-000000000016','Reloj con GPS');
insert into core.wishlist (user_id,titulo) values ('10000000-0000-4000-8000-000000000018','Cinturón de fuerza');
insert into core.wishlist (user_id,titulo) values ('10000000-0000-4000-8000-000000000018','Audífonos para correr');
-- ════════ NUTRICIÓN (F5) ════════
insert into core.nutrition_profiles (user_id,restricciones,presupuesto,comidas_por_dia,preferencias) values ('10000000-0000-4000-8000-000000000016','{}'::text[],'medio',4,'me gusta picante; nada de hígado') on conflict (user_id) do nothing;
-- ════════ EXERCISE LOGS (F9, progresión Iván) ════════
insert into core.exercise_logs (miembro_id,fecha,exercise_slug,series) values ('10000000-0000-4000-8000-000000000017','2026-05-25','sentadilla','[{"reps":8,"peso_kg":70},{"reps":8,"peso_kg":70},{"reps":8,"peso_kg":70},{"reps":8,"peso_kg":70}]'::jsonb);
insert into core.exercise_logs (miembro_id,fecha,exercise_slug,series) values ('10000000-0000-4000-8000-000000000017','2026-05-25','press-banca','[{"reps":8,"peso_kg":60},{"reps":8,"peso_kg":60},{"reps":8,"peso_kg":60},{"reps":7,"peso_kg":60}]'::jsonb);
insert into core.exercise_logs (miembro_id,fecha,exercise_slug,series) values ('10000000-0000-4000-8000-000000000017','2026-05-25','remo-barra','[{"reps":8,"peso_kg":55},{"reps":8,"peso_kg":55},{"reps":8,"peso_kg":55},{"reps":8,"peso_kg":55}]'::jsonb);
insert into core.exercise_logs (miembro_id,fecha,exercise_slug,series) values ('10000000-0000-4000-8000-000000000017','2026-05-25','curl-biceps','[{"reps":10,"peso_kg":12.5},{"reps":10,"peso_kg":12.5},{"reps":9,"peso_kg":12.5}]'::jsonb);
insert into core.exercise_logs (miembro_id,fecha,exercise_slug,series) values ('10000000-0000-4000-8000-000000000017','2026-05-28','hip-thrust','[{"reps":8,"peso_kg":80},{"reps":8,"peso_kg":80},{"reps":8,"peso_kg":80},{"reps":8,"peso_kg":80}]'::jsonb);
insert into core.exercise_logs (miembro_id,fecha,exercise_slug,series) values ('10000000-0000-4000-8000-000000000017','2026-05-28','press-militar','[{"reps":8,"peso_kg":35},{"reps":8,"peso_kg":35},{"reps":7,"peso_kg":35},{"reps":7,"peso_kg":35}]'::jsonb);
insert into core.exercise_logs (miembro_id,fecha,exercise_slug,series) values ('10000000-0000-4000-8000-000000000017','2026-05-28','jalon-al-pecho','[{"reps":9,"peso_kg":50},{"reps":9,"peso_kg":50},{"reps":8,"peso_kg":50},{"reps":8,"peso_kg":50}]'::jsonb);
insert into core.exercise_logs (miembro_id,fecha,exercise_slug,series) values ('10000000-0000-4000-8000-000000000017','2026-05-28','extension-triceps-polea','[{"reps":10,"peso_kg":20},{"reps":10,"peso_kg":20},{"reps":10,"peso_kg":20}]'::jsonb);
insert into core.exercise_logs (miembro_id,fecha,exercise_slug,series) values ('10000000-0000-4000-8000-000000000017','2026-06-01','sentadilla','[{"reps":9,"peso_kg":72.5},{"reps":9,"peso_kg":72.5},{"reps":8,"peso_kg":72.5},{"reps":8,"peso_kg":72.5}]'::jsonb);
insert into core.exercise_logs (miembro_id,fecha,exercise_slug,series) values ('10000000-0000-4000-8000-000000000017','2026-06-01','press-banca','[{"reps":9,"peso_kg":60},{"reps":9,"peso_kg":60},{"reps":9,"peso_kg":60},{"reps":8,"peso_kg":60}]'::jsonb);
insert into core.exercise_logs (miembro_id,fecha,exercise_slug,series) values ('10000000-0000-4000-8000-000000000017','2026-06-01','remo-barra','[{"reps":9,"peso_kg":57.5},{"reps":9,"peso_kg":57.5},{"reps":8,"peso_kg":57.5},{"reps":8,"peso_kg":57.5}]'::jsonb);
insert into core.exercise_logs (miembro_id,fecha,exercise_slug,series) values ('10000000-0000-4000-8000-000000000017','2026-06-01','curl-biceps','[{"reps":12,"peso_kg":12.5},{"reps":11,"peso_kg":12.5},{"reps":10,"peso_kg":12.5}]'::jsonb);
insert into core.exercise_logs (miembro_id,fecha,exercise_slug,series) values ('10000000-0000-4000-8000-000000000017','2026-06-04','hip-thrust','[{"reps":10,"peso_kg":90},{"reps":10,"peso_kg":90},{"reps":10,"peso_kg":90},{"reps":10,"peso_kg":90}]'::jsonb);
insert into core.exercise_logs (miembro_id,fecha,exercise_slug,series) values ('10000000-0000-4000-8000-000000000017','2026-06-04','press-militar','[{"reps":9,"peso_kg":35},{"reps":9,"peso_kg":35},{"reps":8,"peso_kg":35},{"reps":8,"peso_kg":35}]'::jsonb);
insert into core.exercise_logs (miembro_id,fecha,exercise_slug,series) values ('10000000-0000-4000-8000-000000000017','2026-06-04','jalon-al-pecho','[{"reps":10,"peso_kg":52.5},{"reps":9,"peso_kg":52.5},{"reps":9,"peso_kg":52.5},{"reps":8,"peso_kg":52.5}]'::jsonb);
insert into core.exercise_logs (miembro_id,fecha,exercise_slug,series) values ('10000000-0000-4000-8000-000000000017','2026-06-04','extension-triceps-polea','[{"reps":12,"peso_kg":20},{"reps":11,"peso_kg":20},{"reps":10,"peso_kg":20}]'::jsonb);
insert into core.exercise_logs (miembro_id,fecha,exercise_slug,series) values ('10000000-0000-4000-8000-000000000017','2026-06-08','sentadilla','[{"reps":9,"peso_kg":75},{"reps":9,"peso_kg":75},{"reps":8,"peso_kg":75},{"reps":8,"peso_kg":75}]'::jsonb);
insert into core.exercise_logs (miembro_id,fecha,exercise_slug,series) values ('10000000-0000-4000-8000-000000000017','2026-06-08','press-banca','[{"reps":8,"peso_kg":62.5},{"reps":8,"peso_kg":62.5},{"reps":8,"peso_kg":62.5},{"reps":7,"peso_kg":62.5}]'::jsonb);
insert into core.exercise_logs (miembro_id,fecha,exercise_slug,series) values ('10000000-0000-4000-8000-000000000017','2026-06-08','remo-barra','[{"reps":9,"peso_kg":60},{"reps":9,"peso_kg":60},{"reps":8,"peso_kg":60},{"reps":8,"peso_kg":60}]'::jsonb);
insert into core.exercise_logs (miembro_id,fecha,exercise_slug,series) values ('10000000-0000-4000-8000-000000000017','2026-06-08','curl-biceps','[{"reps":10,"peso_kg":15},{"reps":10,"peso_kg":15},{"reps":9,"peso_kg":15}]'::jsonb);
